pixel_0,pixel_1,pixel_2,pixel_3,pixel_4,pixel_5,pixel_6,pixel_7,pixel_8,pixel_9,pixel_10,pixel_11,pixel_12,pixel_13,pixel_14,pixel_15,pixel_16,pixel_17,pixel_18,pixel_19,pixel_20,pixel_21,pixel_22,pixel_23,pixel_24,pixel_25,pixel_26,pixel_27,pixel_28,pixel_29,pixel_30,pixel_31,pixel_32,pixel_33,pixel_34,pixel_35,pixel_36,pixel_37,pixel_38,pixel_39,pixel_40,pixel_41,pixel_42,pixel_43,pixel_44,pixel_45,pixel_46,pixel_47,pixel_48,pixel_49,pixel_50,pixel_51,pixel_52,pixel_53,pixel_54,pixel_55,pixel_56,pixel_57,pixel_58,pixel_59,pixel_60,pixel_61,pixel_62,pixel_63,pixel_64,pixel_65,pixel_66,pixel_67,pixel_68,pixel_69,pixel_70,pixel_71,pixel_72,pixel_73,pixel_74,pixel_75,pixel_76,pixel_77,pixel_78,pixel_79,pixel_80,pixel_81,pixel_82,pixel_83,pixel_84,pixel_85,pixel_86,pixel_87,pixel_88,pixel_89,pixel_90,pixel_91,pixel_92,pixel_93,pixel_94,pixel_95,pixel_96,pixel_97,pixel_98,pixel_99,pixel_100,pixel_101,pixel_102,pixel_103,pixel_104,pixel_105,pixel_106,pixel_107,pixel_108,pixel_109,pixel_110,pixel_111,pixel_112,pixel_113,pixel_114,pixel_115,pixel_116,pixel_117,pixel_118,pixel_119,pixel_120,pixel_121,pixel_122,pixel_123,pixel_124,pixel_125,pixel_126,pixel_127,pixel_128,pixel_129,pixel_130,pixel_131,pixel_132,pixel_133,pixel_134,pixel_135,pixel_136,pixel_137,pixel_138,pixel_139,pixel_140,pixel_141,pixel_142,pixel_143,pixel_144,pixel_145,pixel_146,pixel_147,pixel_148,pixel_149,pixel_150,pixel_151,pixel_152,pixel_153,pixel_154,pixel_155,pixel_156,pixel_157,pixel_158,pixel_159,pixel_160,pixel_161,pixel_162,pixel_163,pixel_164,pixel_165,pixel_166,pixel_167,pixel_168,pixel_169,pixel_170,pixel_171,pixel_172,pixel_173,pixel_174,pixel_175,pixel_176,pixel_177,pixel_178,pixel_179,pixel_180,pixel_181,pixel_182,pixel_183,pixel_184,pixel_185,pixel_186,pixel_187,pixel_188,pixel_189,pixel_190,pixel_191,pixel_192,pixel_193,pixel_194,pixel_195,pixel_196,pixel_197,pixel_198,pixel_199,pixel_200,pixel_201,pixel_202,pixel_203,pixel_204,pixel_205,pixel_206,pixel_207,pixel_208,pixel_209,pixel_210,pixel_211,pixel_212,pixel_213,pixel_214,pixel_215,pixel_216,pixel_217,pixel_218,pixel_219,pixel_220,pixel_221,pixel_222,pixel_223,pixel_224,pixel_225,pixel_226,pixel_227,pixel_228,pixel_229,pixel_230,pixel_231,pixel_232,pixel_233,pixel_234,pixel_235,pixel_236,pixel_237,pixel_238,pixel_239,pixel_240,pixel_241,pixel_242,pixel_243,pixel_244,pixel_245,pixel_246,pixel_247,pixel_248,pixel_249,pixel_250,pixel_251,pixel_252,pixel_253,pixel_254,pixel_255,pixel_256,pixel_257,pixel_258,pixel_259,pixel_260,pixel_261,pixel_262,pixel_263,pixel_264,pixel_265,pixel_266,pixel_267,pixel_268,pixel_269,pixel_270,pixel_271,pixel_272,pixel_273,pixel_274,pixel_275,pixel_276,pixel_277,pixel_278,pixel_279,pixel_280,pixel_281,pixel_282,pixel_283,pixel_284,pixel_285,pixel_286,pixel_287,pixel_288,pixel_289,pixel_290,pixel_291,pixel_292,pixel_293,pixel_294,pixel_295,pixel_296,pixel_297,pixel_298,pixel_299,pixel_300,pixel_301,pixel_302,pixel_303,pixel_304,pixel_305,pixel_306,pixel_307,pixel_308,pixel_309,pixel_310,pixel_311,pixel_312,pixel_313,pixel_314,pixel_315,pixel_316,pixel_317,pixel_318,pixel_319,pixel_320,pixel_321,pixel_322,pixel_323,pixel_324,pixel_325,pixel_326,pixel_327,pixel_328,pixel_329,pixel_330,pixel_331,pixel_332,pixel_333,pixel_334,pixel_335,pixel_336,pixel_337,pixel_338,pixel_339,pixel_340,pixel_341,pixel_342,pixel_343,pixel_344,pixel_345,pixel_346,pixel_347,pixel_348,pixel_349,pixel_350,pixel_351,pixel_352,pixel_353,pixel_354,pixel_355,pixel_356,pixel_357,pixel_358,pixel_359,pixel_360,pixel_361,pixel_362,pixel_363,pixel_364,pixel_365,pixel_366,pixel_367,pixel_368,pixel_369,pixel_370,pixel_371,pixel_372,pixel_373,pixel_374,pixel_375,pixel_376,pixel_377,pixel_378,pixel_379,pixel_380,pixel_381,pixel_382,pixel_383,pixel_384,pixel_385,pixel_386,pixel_387,pixel_388,pixel_389,pixel_390,pixel_391,pixel_392,pixel_393,pixel_394,pixel_395,pixel_396,pixel_397,pixel_398,pixel_399,pixel_400,pixel_401,pixel_402,pixel_403,pixel_404,pixel_405,pixel_406,pixel_407,pixel_408,pixel_409,pixel_410,pixel_411,pixel_412,pixel_413,pixel_414,pixel_415,pixel_416,pixel_417,pixel_418,pixel_419,pixel_420,pixel_421,pixel_422,pixel_423,pixel_424,pixel_425,pixel_426,pixel_427,pixel_428,pixel_429,pixel_430,pixel_431,pixel_432,pixel_433,pixel_434,pixel_435,pixel_436,pixel_437,pixel_438,pixel_439,pixel_440,pixel_441,pixel_442,pixel_443,pixel_444,pixel_445,pixel_446,pixel_447,pixel_448,pixel_449,pixel_450,pixel_451,pixel_452,pixel_453,pixel_454,pixel_455,pixel_456,pixel_457,pixel_458,pixel_459,pixel_460,pixel_461,pixel_462,pixel_463,pixel_464,pixel_465,pixel_466,pixel_467,pixel_468,pixel_469,pixel_470,pixel_471,pixel_472,pixel_473,pixel_474,pixel_475,pixel_476,pixel_477,pixel_478,pixel_479,pixel_480,pixel_481,pixel_482,pixel_483,pixel_484,pixel_485,pixel_486,pixel_487,pixel_488,pixel_489,pixel_490,pixel_491,pixel_492,pixel_493,pixel_494,pixel_495,pixel_496,pixel_497,pixel_498,pixel_499,pixel_500,pixel_501,pixel_502,pixel_503,pixel_504,pixel_505,pixel_506,pixel_507,pixel_508,pixel_509,pixel_510,pixel_511,pixel_512,pixel_513,pixel_514,pixel_515,pixel_516,pixel_517,pixel_518,pixel_519,pixel_520,pixel_521,pixel_522,pixel_523,pixel_524,pixel_525,pixel_526,pixel_527,pixel_528,pixel_529,pixel_530,pixel_531,pixel_532,pixel_533,pixel_534,pixel_535,pixel_536,pixel_537,pixel_538,pixel_539,pixel_540,pixel_541,pixel_542,pixel_543,pixel_544,pixel_545,pixel_546,pixel_547,pixel_548,pixel_549,pixel_550,pixel_551,pixel_552,pixel_553,pixel_554,pixel_555,pixel_556,pixel_557,pixel_558,pixel_559,pixel_560,pixel_561,pixel_562,pixel_563,pixel_564,pixel_565,pixel_566,pixel_567,pixel_568,pixel_569,pixel_570,pixel_571,pixel_572,pixel_573,pixel_574,pixel_575,pixel_576,pixel_577,pixel_578,pixel_579,pixel_580,pixel_581,pixel_582,pixel_583,pixel_584,pixel_585,pixel_586,pixel_587,pixel_588,pixel_589,pixel_590,pixel_591,pixel_592,pixel_593,pixel_594,pixel_595,pixel_596,pixel_597,pixel_598,pixel_599,pixel_600,pixel_601,pixel_602,pixel_603,pixel_604,pixel_605,pixel_606,pixel_607,pixel_608,pixel_609,pixel_610,pixel_611,pixel_612,pixel_613,pixel_614,pixel_615,pixel_616,pixel_617,pixel_618,pixel_619,pixel_620,pixel_621,pixel_622,pixel_623,pixel_624,pixel_625,pixel_626,pixel_627,pixel_628,pixel_629,pixel_630,pixel_631,pixel_632,pixel_633,pixel_634,pixel_635,pixel_636,pixel_637,pixel_638,pixel_639,pixel_640,pixel_641,pixel_642,pixel_643,pixel_644,pixel_645,pixel_646,pixel_647,pixel_648,pixel_649,pixel_650,pixel_651,pixel_652,pixel_653,pixel_654,pixel_655,pixel_656,pixel_657,pixel_658,pixel_659,pixel_660,pixel_661,pixel_662,pixel_663,pixel_664,pixel_665,pixel_666,pixel_667,pixel_668,pixel_669,pixel_670,pixel_671,pixel_672,pixel_673,pixel_674,pixel_675,pixel_676,pixel_677,pixel_678,pixel_679,pixel_680,pixel_681,pixel_682,pixel_683,pixel_684,pixel_685,pixel_686,pixel_687,pixel_688,pixel_689,pixel_690,pixel_691,pixel_692,pixel_693,pixel_694,pixel_695,pixel_696,pixel_697,pixel_698,pixel_699,pixel_700,pixel_701,pixel_702,pixel_703,pixel_704,pixel_705,pixel_706,pixel_707,pixel_708,pixel_709,pixel_710,pixel_711,pixel_712,pixel_713,pixel_714,pixel_715,pixel_716,pixel_717,pixel_718,pixel_719,pixel_720,pixel_721,pixel_722,pixel_723,pixel_724,pixel_725,pixel_726,pixel_727,pixel_728,pixel_729,pixel_730,pixel_731,pixel_732,pixel_733,pixel_734,pixel_735,pixel_736,pixel_737,pixel_738,pixel_739,pixel_740,pixel_741,pixel_742,pixel_743,pixel_744,pixel_745,pixel_746,pixel_747,pixel_748,pixel_749,pixel_750,pixel_751,pixel_752,pixel_753,pixel_754,pixel_755,pixel_756,pixel_757,pixel_758,pixel_759,pixel_760,pixel_761,pixel_762,pixel_763,pixel_764,pixel_765,pixel_766,pixel_767,pixel_768,pixel_769,pixel_770,pixel_771,pixel_772,pixel_773,pixel_774,pixel_775,pixel_776,pixel_777,pixel_778,pixel_779,pixel_780,pixel_781,pixel_782,pixel_783,label
0,0,0,0,0,0,0,0,0,0,0,0,0,0,0,0,0,0,0,0,0,0,0,0,0,0,0,0,0,0,0,0,0,0,0,0,0,0,0,0,0,0,0,0,0,0,0,0,0,0,0,0,0,0,0,0,0,0,0,0,0,0,0,0,0,0,0,0,0,0,0,0,0,0,0,0,0,0,0,0,0,0,0,0,0,0,0,0,0,0,0,0,0,0,0,0,1,0,0,13,73,0,0,1,4,0,0,0,0,1,1,0,0,0,0,0,0,0,0,0,0,0,0,0,3,0,36,136,127,62,54,0,0,0,1,3,4,0,0,3,0,0,0,0,0,0,0,0,0,0,0,0,6,0,102,204,176,134,144,123,23,0,0,0,0,12,10,0,0,0,0,0,0,0,0,0,0,0,0,0,0,0,155,236,207,178,107,156,161,109,64,23,77,130,72,15,0,0,0,0,0,0,0,0,0,0,0,1,0,69,207,223,218,216,216,163,127,121,122,146,141,88,172,66,0,0,0,0,0,0,0,0,0,1,1,1,0,200,232,232,233,229,223,223,215,213,164,127,123,196,229,0,0,0,0,0,0,0,0,0,0,0,0,0,0,183,225,216,223,228,235,227,224,222,224,221,223,245,173,0,0,0,0,0,0,0,0,0,0,0,0,0,0,193,228,218,213,198,180,212,210,211,213,223,220,243,202,0,0,0,0,0,0,0,0,0,0,1,3,0,12,219,220,212,218,192,169,227,208,218,224,212,226,197,209,52,0,0,0,0,0,0,0,0,0,0,6,0,99,244,222,220,218,203,198,221,215,213,222,220,245,119,167,56,0,0,0,0,0,0,0,0,0,4,0,0,55,236,228,230,228,240,232,213,218,223,234,217,217,209,92,0,0,0,1,4,6,7,2,0,0,0,0,0,237,226,217,223,222,219,222,221,216,223,229,215,218,255,77,0,0,3,0,0,0,0,0,0,0,62,145,204,228,207,213,221,218,208,211,218,224,223,219,215,224,244,159,0,0,0,0,0,18,44,82,107,189,228,220,222,217,226,200,205,211,230,224,234,176,188,250,248,233,238,215,0,0,57,187,208,224,221,224,208,204,214,208,209,200,159,245,193,206,223,255,255,221,234,221,211,220,232,246,0,3,202,228,224,221,211,211,214,205,205,205,220,240,80,150,255,229,221,188,154,191,210,204,209,222,228,225,0,98,233,198,210,222,229,229,234,249,220,194,215,217,241,65,73,106,117,168,219,221,215,217,223,223,224,229,29,75,204,212,204,193,205,211,225,216,185,197,206,198,213,240,195,227,245,239,223,218,212,209,222,220,221,230,67,48,203,183,194,213,197,185,190,194,192,202,214,219,221,220,236,225,216,199,206,186,181,177,172,181,205,206,115,0,122,219,193,179,171,183,196,204,210,213,207,211,210,200,196,194,191,195,191,198,192,176,156,167,177,210,92,0,0,74,189,212,191,175,172,175,181,185,188,189,188,193,198,204,209,210,210,211,188,188,194,192,216,170,0,2,0,0,0,66,200,222,237,239,242,246,243,244,221,220,193,191,179,182,182,181,176,166,168,99,58,0,0,0,0,0,0,0,0,0,40,61,44,72,41,35,0,0,0,0,0,0,0,0,0,0,0,0,0,0,0,0,0,0,0,0,0,0,0,0,0,0,0,0,0,0,0,0,0,0,0,0,0,0,0,0,0,0,0,0,0,0,0,0,0,0,0,0,0,0,0,0,0,0,0,0,0,0,0,0,0,0,0,0,0,0,0,9
0,0,0,0,0,1,0,0,0,0,41,188,103,54,48,43,87,168,133,16,0,0,0,0,0,0,0,0,0,0,0,1,0,0,0,49,136,219,216,228,236,255,255,255,255,217,215,254,231,160,45,0,0,0,0,0,0,0,0,0,0,14,176,222,224,212,203,198,196,200,215,204,202,201,201,201,209,218,224,164,0,0,0,0,0,0,0,0,0,188,219,200,198,202,198,199,199,201,196,198,198,200,200,200,200,201,200,225,41,0,0,0,0,0,0,0,51,219,199,203,203,212,238,248,250,245,249,246,247,252,248,235,207,203,203,222,140,0,0,0,0,0,0,0,116,226,206,204,207,204,101,75,47,73,48,50,45,51,63,113,222,202,206,220,224,0,0,0,0,0,0,0,200,222,209,203,215,200,0,70,98,0,103,59,68,71,49,0,219,206,214,210,250,38,0,0,0,0,0,0,247,218,212,210,215,214,0,254,243,139,255,174,251,255,205,0,215,217,214,208,220,95,0,0,0,0,0,45,226,214,214,215,224,205,0,42,35,60,16,17,12,13,70,0,189,216,212,206,212,156,0,0,0,0,0,164,235,214,211,220,216,201,52,71,89,94,83,78,70,76,92,87,206,207,222,213,219,208,0,0,0,0,0,106,187,223,237,248,211,198,252,250,248,245,248,252,253,250,252,239,201,212,225,215,193,113,0,0,0,0,0,0,0,17,54,159,222,193,208,192,197,200,200,200,200,201,203,195,210,165,0,0,0,0,0,0,0,0,0,0,0,0,0,47,225,192,214,203,206,204,204,205,206,204,212,197,218,107,0,0,0,0,0,0,0,0,0,0,1,6,0,46,212,195,212,202,206,205,204,205,206,204,212,200,218,91,0,3,1,0,0,0,0,0,0,0,0,1,0,11,197,199,205,202,205,206,204,205,207,204,205,205,218,77,0,5,0,0,0,0,0,0,0,0,0,3,0,2,191,198,201,205,206,205,205,206,209,206,199,209,219,74,0,5,0,0,0,0,0,0,0,0,0,2,0,0,188,197,200,207,207,204,207,207,210,208,198,207,221,72,0,4,0,0,0,0,0,0,0,0,0,2,0,0,215,198,203,206,208,205,207,207,210,208,200,202,222,75,0,4,0,0,0,0,0,0,0,0,0,1,0,0,212,198,209,206,209,206,208,207,211,206,205,198,221,80,0,3,0,0,0,0,0,0,0,0,0,1,0,0,204,201,205,208,207,205,211,205,210,210,209,195,221,96,0,3,0,0,0,0,0,0,0,0,0,1,0,0,202,201,205,209,207,205,213,206,210,209,210,194,217,105,0,2,0,0,0,0,0,0,0,0,0,1,0,0,204,204,205,208,207,205,215,207,210,208,211,193,213,115,0,2,0,0,0,0,0,0,0,0,0,0,0,0,204,207,207,208,206,206,215,210,210,207,212,195,210,118,0,2,0,0,0,0,0,0,0,0,0,1,0,0,198,208,208,208,204,207,212,212,210,207,211,196,207,121,0,1,0,0,0,0,0,0,0,0,0,1,0,0,198,210,207,208,206,209,213,212,211,207,210,197,207,124,0,1,0,0,0,0,0,0,0,0,0,0,0,0,172,210,203,201,199,204,207,205,204,201,205,197,206,127,0,0,0,0,0,0,0,0,0,0,0,0,0,0,188,221,214,234,236,238,244,244,244,240,243,214,224,162,0,2,0,0,0,0,0,0,0,0,0,1,0,0,139,146,130,135,135,137,125,124,125,121,119,114,130,76,0,0,0,0,0,0,0
0,0,0,0,0,0,0,0,0,22,118,24,0,0,0,0,0,48,88,5,0,0,0,0,0,0,0,0,0,0,0,0,0,0,0,0,12,100,212,205,185,179,173,186,193,221,142,85,0,0,0,0,0,0,0,0,0,0,0,0,0,0,0,0,0,85,76,199,225,248,255,238,226,157,68,80,0,0,0,0,0,0,0,0,0,0,0,0,0,0,0,0,0,91,69,91,201,218,225,209,158,61,93,72,0,0,0,0,0,0,0,0,0,0,0,0,0,0,0,0,0,79,89,61,59,87,108,75,56,76,97,73,0,0,0,0,0,0,0,0,0,0,0,0,0,0,0,0,0,75,89,80,80,67,63,73,83,80,96,72,0,0,0,0,0,0,0,0,0,0,0,0,0,0,0,0,0,77,88,77,80,83,83,83,83,81,95,76,0,0,0,0,0,0,0,0,0,0,0,0,0,0,0,0,0,89,96,80,83,81,84,85,85,85,97,84,0,0,0,0,0,0,0,0,0,0,0,0,0,0,0,0,0,93,97,81,85,84,85,87,88,84,99,87,0,0,0,0,0,0,0,0,0,0,0,0,0,0,0,0,0,95,87,84,87,88,85,87,87,84,92,87,0,0,0,0,0,0,0,0,0,0,0,0,0,0,0,0,0,97,87,87,85,88,87,87,87,88,85,107,0,0,0,0,0,0,0,0,0,0,0,0,0,0,0,0,17,100,88,87,87,88,87,87,85,89,77,118,8,0,0,0,0,0,0,0,0,0,0,0,0,0,0,0,10,93,87,87,87,87,87,88,87,89,80,103,0,0,0,0,0,0,0,0,0,0,0,0,0,0,0,0,9,96,87,87,87,87,87,88,87,88,87,103,0,0,0,0,0,0,0,0,0,0,0,0,0,0,0,0,12,96,85,87,87,87,85,87,87,88,89,100,2,0,0,0,0,0,0,0,0,0,0,0,0,0,0,0,20,95,84,88,85,87,88,88,88,89,88,99,8,0,0,0,0,0,0,0,0,0,0,0,0,0,0,0,21,96,85,87,85,88,88,88,88,89,89,99,10,0,0,0,0,0,0,0,0,0,0,0,0,0,0,0,24,96,85,87,85,87,88,88,89,88,91,102,14,0,0,0,0,0,0,0,0,0,0,0,0,0,0,0,25,93,84,88,87,87,87,87,87,89,91,103,29,0,0,0,0,0,0,0,0,0,0,0,0,0,0,0,30,95,85,88,88,87,87,87,87,89,88,102,37,0,0,0,0,0,0,0,0,0,0,0,0,0,0,0,34,96,88,87,87,87,87,87,87,85,85,97,38,0,0,0,0,0,0,0,0,0,0,0,0,0,0,0,40,96,87,85,87,87,87,87,87,85,84,92,49,0,0,0,0,0,0,0,0,0,0,0,0,0,0,0,46,95,83,84,87,87,87,87,87,87,84,87,84,0,0,0,0,0,0,0,0,0,0,0,0,0,0,0,72,95,85,84,85,88,87,87,89,87,85,83,63,0,0,0,0,0,0,0,0,0,0,0,0,0,0,0,64,100,84,87,88,85,88,88,84,87,83,95,53,0,0,0,0,0,0,0,0,0,0,0,0,0,0,0,10,102,100,91,91,89,85,84,84,87,108,106,14,0,0,0,0,0,0,0,0,0,0,0,0,0,0,0,0,8,73,93,104,107,103,103,106,102,75,10,0,0,0,0,0,0,0,0,0,0,0,0,0,0,0,0,1,0,0,0,18,42,57,56,32,8,0,0,1,0,0,0,0,0,0,0,0
0,0,0,0,0,0,0,0,33,96,175,156,64,14,54,137,204,194,102,0,0,0,0,0,0,0,0,0,0,0,0,0,0,0,73,186,177,183,175,188,232,255,223,219,194,179,186,213,146,0,0,0,0,0,0,0,0,0,0,0,0,35,163,140,150,152,150,146,175,175,173,171,156,152,148,129,156,140,0,0,0,0,0,0,0,0,0,0,0,150,142,140,152,160,156,146,142,127,135,133,140,140,137,133,125,169,75,0,0,0,0,0,0,0,0,0,0,54,167,146,129,142,137,137,131,148,148,133,131,131,131,125,140,140,0,0,0,0,0,0,0,0,0,0,0,0,110,188,133,146,152,133,125,127,119,129,133,119,140,131,150,14,0,0,0,0,0,0,0,0,0,0,0,0,0,221,158,137,135,123,110,110,114,108,112,117,127,142,77,0,0,0,0,0,0,0,0,0,0,0,0,4,0,25,158,137,125,119,119,110,117,117,110,119,127,144,0,0,0,0,0,0,0,0,0,0,0,0,0,0,0,0,123,156,129,112,110,102,112,100,121,117,129,114,0,0,0,0,0,0,0,0,0,0,0,0,0,0,0,0,125,169,127,119,106,108,104,94,121,114,129,91,0,0,0,0,0,0,0,0,0,0,0,0,0,0,2,0,98,171,129,112,104,114,106,102,112,104,133,64,0,4,0,0,0,0,0,0,0,0,0,0,0,0,2,0,66,173,135,129,98,100,119,102,108,98,135,60,0,4,0,0,0,0,0,0,0,0,0,0,0,0,2,0,56,171,135,127,100,108,117,85,106,110,135,66,0,4,0,0,0,0,0,0,0,0,0,0,0,0,0,0,52,150,129,110,100,91,102,94,83,104,123,66,0,4,0,0,0,0,0,0,0,0,0,0,0,0,2,0,66,167,140,148,148,127,137,152,146,146,148,96,0,0,0,0,0,0,0,0,0,0,0,0,0,0,0,0,45,123,94,104,96,119,121,106,98,112,87,114,0,0,0,0,0,0,0,0,0,0,0,0,0,0,0,0,106,89,58,50,37,50,66,56,50,75,75,137,22,0,2,0,0,0,0,0,0,0,0,0,0,2,0,29,148,114,106,125,89,100,133,117,131,131,131,125,112,0,0,0,0,0,0,0,0,0,0,0,0,0,0,100,106,114,91,137,62,102,131,89,135,112,131,108,135,37,0,0,0,0,0,0,0,0,0,0,0,0,0,146,100,108,98,144,62,106,131,87,133,104,160,117,121,68,0,0,0,0,0,0,0,0,0,0,0,0,33,121,108,96,100,140,71,106,127,85,140,104,150,140,114,89,0,0,0,0,0,0,0,0,0,0,0,0,62,119,112,102,110,137,75,106,144,81,144,108,117,154,117,104,18,0,0,0,0,0,0,0,0,0,0,0,66,121,102,112,117,131,73,104,156,77,137,135,83,179,129,121,35,0,0,0,0,0,0,0,0,0,0,0,85,127,81,125,133,119,79,100,169,83,129,175,60,163,135,146,39,0,0,0,0,0,0,0,0,0,0,0,106,129,62,140,144,108,85,83,158,85,129,175,48,146,133,135,64,0,0,0,0,0,0,0,0,0,0,0,117,119,79,140,152,102,89,110,137,96,150,196,83,144,135,133,77,0,0,0,0,0,0,0,0,0,0,0,154,121,87,140,154,112,94,52,142,100,83,152,85,160,133,100,12,0,0,0,0,0,0,0,0,0,0,0,4,0,2,0,35,4,33,0,0,0,0,0,0,0,0,0,0,0,0,0,0,0,3
0,0,0,0,0,0,0,0,0,0,0,0,0,0,0,0,0,26,0,0,0,0,0,0,0,0,0,0,0,0,0,0,0,0,0,0,189,206,187,32,0,0,0,26,217,226,196,11,0,0,0,0,0,0,0,0,0,0,0,0,0,0,0,0,192,227,234,243,230,147,239,242,234,218,209,0,0,0,0,0,0,0,0,0,0,0,0,0,0,0,0,0,173,225,215,233,254,0,194,240,217,221,190,0,0,0,0,0,0,0,0,0,0,0,0,0,0,0,0,0,139,229,212,226,255,0,162,255,213,226,200,0,0,0,0,0,0,0,0,0,0,0,0,0,0,0,0,0,98,232,211,215,249,46,162,246,214,230,186,0,0,0,0,0,0,0,0,0,0,0,0,0,0,0,0,0,70,228,213,220,224,252,239,219,217,231,171,0,0,0,0,0,0,0,0,0,0,0,0,0,0,0,0,0,45,222,214,218,216,210,215,217,202,224,172,0,0,0,0,0,0,0,0,0,0,0,0,0,0,0,0,0,24,254,214,210,211,214,215,212,203,221,167,0,0,0,0,0,0,0,0,0,0,0,0,0,0,0,0,0,0,254,216,215,217,217,216,216,206,225,150,0,0,0,0,0,0,0,0,0,0,0,0,0,0,0,0,0,0,247,216,214,217,216,214,212,203,226,136,0,0,0,0,0,0,0,0,0,0,0,0,0,0,0,0,0,0,245,216,214,216,217,215,211,204,225,125,0,0,0,0,0,0,0,0,0,0,0,0,0,0,0,0,0,0,247,216,214,217,220,217,213,203,222,147,0,0,0,0,0,0,0,0,0,0,0,0,0,0,0,0,0,0,248,216,215,218,222,216,214,207,218,179,0,0,0,0,0,0,0,0,0,0,0,0,0,0,0,0,0,0,249,216,217,219,222,217,214,210,215,211,0,0,0,0,0,0,0,0,0,0,0,0,0,0,0,0,0,38,255,214,218,219,224,218,215,211,211,231,0,0,0,0,0,0,0,0,0,0,0,0,0,0,0,0,0,79,227,209,219,219,227,219,215,213,206,254,58,0,0,0,0,0,0,0,0,0,0,0,0,0,0,0,0,146,226,211,220,219,228,218,215,216,205,219,163,0,0,0,0,0,0,0,0,0,0,0,0,0,0,0,0,202,221,214,221,219,231,218,215,218,213,212,220,0,0,0,0,0,0,0,0,0,0,0,0,0,0,0,0,234,217,216,220,219,234,217,215,218,216,223,247,7,0,0,0,0,0,0,0,0,0,0,0,0,0,0,17,254,212,219,219,220,233,214,216,219,222,153,238,58,0,0,0,0,0,0,0,0,0,0,0,0,0,0,66,255,208,220,219,222,241,220,218,218,218,192,242,99,0,0,0,0,0,0,0,0,0,0,0,0,0,0,142,235,203,218,216,231,242,225,233,219,214,216,238,144,0,0,0,0,0,0,0,0,0,0,0,0,0,0,177,248,227,229,211,255,76,0,247,243,230,230,249,187,0,0,0,0,0,0,0,0,0,0,0,0,0,0,101,241,228,228,220,255,64,0,243,237,230,227,241,142,0,0,0,0,0,0,0,0,0,0,0,0,0,0,0,255,242,222,218,255,62,0,223,238,225,238,255,31,0,0,0,0,0,0,0,0,0,0,0,0,0,0,0,45,255,242,235,255,84,0,246,255,242,255,70,0,0,0,0,0,0,0,0,0,0,0,0,0,0,0,0,0,0,61,102,168,25,0,139,161,74,0,0,0,0,0,0,0,0,0,0,0
0,0,0,0,1,0,0,0,0,22,88,188,172,132,125,141,199,143,9,0,0,0,1,0,0,0,0,0,0,0,0,1,0,0,20,131,199,206,196,202,242,255,255,250,222,197,206,188,126,17,0,0,0,0,0,0,0,0,0,1,0,35,214,191,183,178,175,168,150,162,159,152,158,179,183,189,195,185,82,0,0,0,0,0,0,0,0,0,0,170,190,172,177,176,171,169,162,155,148,154,169,174,175,175,177,183,188,12,0,0,0,0,0,0,0,0,25,194,180,178,174,184,187,189,187,184,181,189,200,197,193,190,178,175,194,90,0,0,0,0,0,0,0,0,42,218,191,197,208,204,211,209,210,212,211,214,215,213,214,211,211,191,200,158,0,0,0,0,0,0,0,0,88,221,215,217,219,211,185,150,118,107,99,88,83,90,135,212,203,207,219,169,0,0,0,0,0,0,0,0,0,27,118,162,40,0,0,0,10,19,28,39,47,36,0,0,203,230,220,203,0,0,0,0,0,0,0,0,138,136,71,69,54,216,217,203,184,168,163,162,163,178,221,186,38,26,7,0,0,0,0,0,0,0,0,0,67,134,154,224,129,66,81,117,129,128,132,137,131,129,86,73,157,151,134,216,18,0,0,0,0,0,0,0,203,198,172,183,206,255,255,250,243,240,239,235,238,244,255,238,184,160,86,98,0,0,0,0,0,0,0,0,122,188,224,151,105,127,97,100,105,114,117,117,113,103,98,111,142,254,191,255,49,0,0,0,0,0,0,0,163,179,200,95,154,198,197,200,200,198,197,198,199,202,200,176,86,206,157,162,10,0,0,0,0,0,0,0,197,201,229,71,144,194,181,183,179,182,180,179,180,190,185,197,76,219,185,201,34,0,0,0,0,0,0,0,199,193,226,58,154,192,184,187,184,186,184,185,183,192,191,200,56,219,203,207,60,0,0,0,0,0,0,0,201,194,224,41,163,190,186,186,184,185,183,185,178,190,194,202,33,211,200,206,73,0,0,0,0,0,0,0,201,197,222,17,172,190,186,187,182,186,185,187,180,187,193,202,26,212,202,203,76,0,0,0,0,0,0,0,200,197,223,0,177,189,184,185,178,184,183,184,180,183,189,203,35,196,203,203,84,0,0,0,0,0,0,0,200,197,223,0,185,187,185,187,180,184,182,183,178,182,183,205,44,159,207,201,85,0,0,0,0,0,0,0,187,198,225,0,194,188,184,185,180,183,183,184,181,181,177,206,46,129,211,200,88,0,0,0,0,0,0,6,186,200,211,0,199,189,184,184,185,182,183,184,185,182,175,205,50,97,216,197,93,0,0,0,0,0,0,5,185,204,184,0,202,188,182,182,183,183,184,182,180,182,174,202,63,59,220,196,94,0,0,0,0,0,0,5,184,206,157,0,204,187,187,189,192,190,190,191,190,187,183,202,78,35,222,197,95,0,0,0,0,0,0,5,183,208,127,0,197,166,153,149,149,146,148,149,150,151,158,191,90,8,223,195,99,0,0,0,0,0,0,6,184,208,114,0,204,173,161,180,176,172,173,173,174,176,162,202,115,0,229,199,105,0,0,0,0,0,0,9,178,204,115,0,121,135,114,117,114,114,117,118,119,117,113,147,63,0,225,196,107,0,0,0,0,0,0,18,180,206,131,0,0,0,0,0,0,0,0,0,0,0,0,0,0,0,224,197,123,0,0,0,0,0,0,0,141,151,76,0,1,1,0,0,0,0,0,0,0,0,0,0,0,0,133,167,73,0,0,0,2
0,0,0,0,0,0,0,0,0,0,0,0,0,0,0,0,0,0,0,0,0,0,0,0,0,0,0,0,0,0,0,0,0,0,0,0,0,0,0,0,0,0,0,0,0,0,0,0,0,0,0,0,0,0,0,0,0,0,0,0,0,0,0,0,0,0,0,0,0,0,0,0,0,0,0,0,0,0,0,0,0,0,0,0,0,0,0,0,0,0,0,0,0,0,0,0,0,0,0,0,0,0,0,0,0,0,0,0,0,0,0,0,0,0,0,0,0,0,0,0,0,0,0,0,0,0,0,0,0,0,0,0,0,0,0,0,0,0,0,0,0,0,0,0,0,0,0,0,0,0,0,0,0,0,0,0,0,0,0,0,0,0,0,0,0,0,0,0,0,0,0,0,0,0,0,0,0,0,0,0,0,0,0,0,0,0,0,0,0,0,0,0,0,0,0,0,0,0,0,0,0,0,0,0,0,0,0,0,0,0,0,0,0,0,0,0,0,0,0,0,0,0,0,0,0,0,0,0,0,0,0,0,0,1,1,0,3,1,0,4,0,0,0,2,0,0,0,0,5,1,0,0,0,0,0,0,0,0,0,0,0,0,0,0,4,0,0,0,0,0,106,229,0,0,0,0,0,0,0,0,0,0,0,0,0,0,0,0,0,0,1,0,0,0,0,90,138,223,214,209,167,0,0,0,6,124,0,0,0,0,0,0,0,0,0,0,1,0,0,0,37,122,179,249,214,195,181,213,241,0,0,0,94,179,0,0,0,0,0,2,0,6,0,0,0,0,16,149,236,226,201,195,200,204,155,209,116,0,22,109,251,35,51,0,0,0,1,3,0,0,0,0,67,150,240,221,194,190,204,214,205,195,207,185,206,233,224,179,2,10,22,0,0,0,0,0,0,0,110,214,237,209,196,192,215,215,213,213,207,193,186,199,206,175,0,0,124,230,200,36,0,50,119,158,166,192,204,198,187,202,203,211,214,204,209,210,204,197,191,190,191,229,230,242,214,193,203,137,108,190,199,200,194,199,194,195,199,200,189,187,191,189,197,198,205,200,200,208,213,215,212,213,209,202,216,137,15,55,114,157,188,207,216,220,217,219,221,242,240,243,249,253,255,255,243,232,226,222,221,213,215,198,209,62,16,11,0,0,7,40,76,108,134,142,143,145,143,123,111,92,76,61,45,35,25,25,31,32,32,12,1,0,0,11,25,26,26,22,12,20,15,15,18,17,19,27,30,36,41,49,57,66,79,84,79,83,93,80,75,45,0,0,0,0,0,9,14,17,27,34,39,39,42,44,41,41,43,48,43,30,31,35,40,37,40,37,26,0,0,0,0,0,0,0,0,0,0,0,0,0,0,0,0,0,0,0,0,0,0,0,0,0,0,0,0,0,0,0,0,0,0,0,0,0,0,0,0,0,0,0,0,0,0,0,0,0,0,0,0,0,0,0,0,0,0,0,0,0,0,0,0,0,0,0,0,0,0,0,0,0,0,0,0,0,0,0,0,0,0,0,0,0,0,0,0,0,0,0,0,0,0,0,0,0,0,0,0,0,0,0,0,0,0,0,0,0,0,0,0,0,0,0,0,0,0,0,0,0,0,0,0,0,0,0,0,0,0,0,0,0,0,0,0,0,0,0,0,0,0,0,0,0,0,0,0,0,0,0,0,0,0,0,0,0,0,0,0,0,0,0,0,0,0,0,0,0,0,0,0,0,0,0,0,0,0,0,0,0,0,0,0,0,0,0,0,0,0,0,0,0,0,0,0,0,7
0,0,0,0,0,1,1,0,0,0,0,63,28,0,0,0,33,85,0,0,0,0,0,0,0,0,0,0,0,0,0,0,0,2,0,0,28,126,241,255,255,255,255,255,255,252,248,111,0,0,0,2,0,0,0,0,0,0,0,0,2,0,0,206,244,251,241,230,238,221,205,230,240,230,239,251,233,165,0,0,2,0,0,0,0,0,0,1,0,0,199,251,228,234,233,236,235,245,247,237,234,239,230,230,235,255,176,0,0,1,0,0,0,0,0,0,0,81,254,226,228,239,237,236,234,232,233,235,235,236,239,237,233,225,246,73,0,0,0,0,0,0,3,0,0,255,235,239,223,234,238,236,237,236,235,235,235,235,236,235,234,230,231,255,24,0,4,0,0,0,0,0,177,239,223,254,223,232,234,234,236,236,235,235,235,235,235,234,231,233,222,246,88,0,1,0,0,0,0,0,234,239,229,255,220,232,233,232,234,235,235,235,235,235,234,233,232,230,228,254,140,0,0,0,0,0,0,0,225,240,226,255,221,227,232,228,231,230,228,229,231,230,228,228,232,223,229,244,231,0,0,0,0,0,0,47,245,231,234,249,229,221,229,225,229,227,226,227,228,227,228,229,228,224,246,240,227,0,0,0,0,0,0,51,248,230,245,246,230,226,230,227,230,229,228,229,230,228,228,231,225,227,242,237,255,0,0,0,0,0,0,101,253,229,247,241,221,233,228,227,229,228,227,228,230,227,230,234,225,229,251,229,243,55,0,0,0,0,0,102,255,227,242,241,221,234,223,230,228,231,229,231,231,227,229,241,219,236,254,225,250,167,0,0,0,0,0,90,255,229,236,231,222,236,223,231,229,231,229,231,231,228,224,245,218,243,239,227,244,175,0,0,0,0,0,212,250,225,236,249,229,237,223,231,229,231,229,231,231,230,221,243,225,248,230,236,234,255,1,0,0,0,0,245,243,232,243,218,228,238,222,231,229,231,229,231,231,230,222,237,237,252,229,239,240,223,0,0,0,0,27,255,235,242,237,216,230,236,224,229,227,233,233,233,230,228,224,230,245,247,221,243,239,252,0,0,0,0,88,255,232,248,236,208,234,231,223,227,226,233,232,232,230,228,224,224,235,233,234,247,235,255,0,0,0,0,83,255,225,250,237,224,236,229,225,225,227,235,229,231,230,230,227,221,227,221,239,250,231,255,0,0,0,0,20,255,224,248,234,226,232,222,225,224,231,238,226,230,228,230,230,221,229,225,244,246,230,255,0,0,0,0,95,255,218,242,255,232,226,224,229,228,228,232,228,229,231,233,232,226,221,224,247,244,228,255,0,0,0,0,167,255,213,235,255,81,245,251,238,236,230,229,230,229,230,231,238,240,255,192,255,239,228,255,23,0,0,0,173,242,224,233,255,0,136,226,239,255,229,236,236,234,233,228,251,248,200,81,255,237,225,255,101,0,0,0,172,255,226,233,255,0,0,0,0,0,8,21,22,21,20,14,0,0,0,0,255,238,229,246,178,0,0,0,16,255,236,238,252,0,0,0,0,0,0,0,0,0,0,0,0,0,0,0,222,244,222,254,119,0,0,0,0,30,228,242,163,0,0,0,0,2,4,6,5,5,4,4,2,0,1,0,151,251,235,180,0,0,0,0,0,0,234,255,191,0,11,0,0,0,0,0,0,0,0,0,0,0,4,0,103,246,247,72,0,0,0,0,0,1,95,77,52,0,4,0,0,0,0,0,0,0,0,0,0,0,3,0,82,237,231,70,0,0,2
0,0,0,0,0,0,0,0,0,0,0,0,0,0,0,0,0,0,0,0,0,0,0,0,0,0,0,0,0,0,0,0,0,0,0,0,0,0,0,0,0,0,0,0,0,0,0,0,0,0,0,0,0,0,0,0,0,0,0,0,0,0,0,0,0,0,0,0,1,3,1,0,0,1,1,0,0,0,0,58,0,39,1,0,0,0,0,0,0,0,0,0,0,0,0,0,1,3,0,0,0,0,0,0,0,64,109,146,192,193,7,0,0,0,0,0,0,0,0,0,0,1,0,0,0,0,0,0,94,38,99,209,183,229,192,142,48,0,0,0,0,0,0,0,0,0,0,0,0,1,0,0,0,0,41,45,158,146,164,114,51,1,53,105,42,36,0,0,0,0,0,0,0,0,0,0,0,0,0,0,10,68,44,30,59,172,146,0,22,0,13,103,111,103,0,0,0,0,0,0,0,0,0,0,0,3,1,0,22,61,88,152,255,71,0,0,0,0,35,85,112,201,44,0,0,0,0,0,0,0,0,0,0,1,0,0,13,62,154,62,0,0,0,0,0,0,54,99,61,106,51,19,0,0,0,0,0,0,0,0,0,0,0,0,0,0,0,0,9,1,0,0,1,0,79,82,47,33,58,50,0,0,0,0,0,0,0,0,0,0,0,0,0,3,1,3,9,3,0,0,1,0,100,88,48,35,70,54,0,0,0,0,0,0,0,0,0,0,0,0,0,0,0,0,0,3,0,1,0,0,111,195,119,29,58,45,0,0,0,0,0,0,0,1,0,0,0,0,0,0,0,0,0,0,3,3,0,0,91,146,171,16,93,35,0,0,0,0,0,0,0,0,0,0,0,0,0,0,0,0,0,0,0,0,0,48,45,3,79,87,99,6,0,0,0,0,0,0,0,0,0,0,0,0,0,0,0,0,0,3,0,0,119,137,33,96,77,13,45,0,0,0,0,0,0,0,0,0,0,0,0,0,0,0,0,0,0,0,32,160,164,142,116,79,82,39,39,0,0,0,0,0,3,0,0,0,0,0,0,0,0,3,4,10,0,41,180,142,171,1,0,0,48,73,16,0,0,0,0,0,0,0,1,1,0,0,0,0,0,0,3,0,27,155,114,169,0,0,0,0,47,76,6,0,0,0,0,0,0,0,0,0,0,0,0,0,1,0,0,0,155,129,160,0,0,0,0,0,45,96,0,0,0,0,0,0,1,0,16,39,64,0,0,0,0,0,0,129,151,175,0,0,0,4,4,0,48,116,0,0,0,0,0,0,0,0,58,87,73,10,0,0,0,0,27,187,195,0,0,0,0,3,1,0,47,146,0,0,1,0,0,0,1,0,0,0,0,0,0,0,0,0,181,225,45,0,0,0,0,0,1,0,45,186,0,0,0,0,0,0,0,0,1,183,210,90,0,0,0,126,253,142,0,0,0,0,0,0,1,0,48,203,0,0,64,58,45,27,16,9,1,175,245,204,22,0,70,236,190,6,0,0,0,0,0,0,0,0,50,196,0,0,96,128,149,163,158,140,138,146,154,108,90,148,193,177,36,0,7,0,0,0,0,0,0,0,41,125,0,0,0,0,0,0,19,47,65,93,94,125,166,180,119,29,0,0,0,0,0,0,0,0,0,0,32,238,0,0,0,0,0,0,0,0,0,0,0,0,0,0,0,0,0,0,0,0,0,0,0,0,0,0,0,131,0,0,0,0,0,0,0,0,0,0,0,0,0,0,0,0,0,0,0,0,0,0,0,0,0,0,0,0,0,0,5
0,0,0,0,0,0,0,0,0,0,0,0,0,0,0,0,0,0,0,0,0,0,0,0,0,0,0,0,0,0,0,0,0,0,0,0,0,0,0,0,0,0,0,0,0,0,0,0,0,0,0,0,0,0,0,0,0,0,0,0,0,0,0,0,0,0,0,0,0,1,1,0,0,0,0,0,0,0,164,50,0,7,0,0,0,0,0,0,0,0,0,0,1,0,0,1,0,0,1,1,0,0,5,0,45,217,255,176,0,6,0,0,0,0,0,0,0,0,0,0,0,1,1,0,3,3,5,9,0,2,0,62,236,231,215,27,0,1,0,0,0,0,0,0,0,0,0,0,0,0,0,0,0,0,0,0,0,0,29,244,231,234,74,0,1,0,0,0,0,0,0,0,0,0,0,0,0,2,0,0,0,23,41,59,111,134,138,226,202,217,22,0,1,0,0,0,0,0,0,0,0,0,0,0,0,5,0,35,179,195,182,225,198,241,177,199,205,210,26,0,1,0,0,3,0,0,0,0,0,0,0,0,0,0,0,0,19,0,0,0,0,0,235,243,198,119,0,3,1,3,4,0,0,0,0,0,0,0,0,0,0,0,0,0,0,2,5,0,0,0,170,252,181,182,0,0,0,0,0,19,0,0,0,0,0,0,0,0,0,0,0,0,1,1,0,0,4,0,76,255,183,219,9,0,0,42,191,164,0,0,0,0,0,0,0,0,0,0,0,0,0,0,0,0,2,0,0,237,198,204,75,47,221,221,238,25,0,0,0,0,0,0,0,0,0,0,0,1,0,0,1,2,1,0,0,209,212,229,255,254,232,227,174,0,0,0,0,0,0,0,0,0,0,0,0,0,0,0,1,0,0,0,0,0,210,255,87,101,230,238,105,0,0,0,0,0,0,0,0,0,0,0,0,0,0,1,0,4,1,0,1,250,236,0,0,0,224,233,20,0,0,0,0,0,0,1,3,4,4,2,0,0,0,1,0,2,0,0,204,185,0,0,0,6,227,202,0,0,0,1,0,1,0,0,0,0,0,0,0,0,0,1,0,0,0,173,159,0,0,2,0,10,237,153,0,0,0,0,1,0,0,0,0,40,138,21,0,0,2,0,8,0,132,195,0,0,0,0,0,8,240,118,0,1,5,6,4,0,132,232,208,208,241,217,0,0,0,1,0,29,217,35,0,9,0,2,0,25,238,58,0,2,0,0,0,0,181,255,231,233,219,238,77,0,0,0,0,196,145,0,0,0,0,2,0,49,228,0,0,2,62,92,8,0,207,255,216,198,189,208,221,0,0,0,177,239,19,0,0,0,0,2,0,64,218,0,0,3,96,249,223,211,237,243,211,228,255,252,255,138,38,175,242,173,0,0,0,0,0,2,0,89,204,0,0,2,0,197,240,240,237,219,222,244,235,243,244,255,255,234,233,45,0,2,0,0,0,2,0,105,188,0,0,0,0,165,253,224,229,242,244,232,239,242,243,237,230,230,207,0,0,1,0,0,0,9,0,120,165,0,8,0,0,45,255,252,253,241,229,223,230,235,240,239,233,245,65,0,2,0,0,0,0,10,0,128,143,0,10,0,0,0,0,72,202,255,255,255,255,255,255,255,255,194,0,0,2,0,0,0,0,8,0,186,160,0,9,0,0,0,0,0,0,0,38,89,135,162,180,179,152,0,0,1,0,0,0,0,0,1,0,68,29,0,3,0,0,0,0,0,0,0,0,0,0,0,0,0,0,0,0,0,0,0,0,0,0,0,0,0,0,0,0,0,5
0,0,0,0,0,0,0,11,142,200,106,0,0,0,0,0,0,0,85,185,112,0,0,0,0,0,0,0,0,0,0,0,0,0,152,214,217,194,236,216,187,149,135,153,211,217,231,205,217,188,34,0,0,0,0,0,0,0,0,0,0,66,185,166,180,181,190,211,221,197,146,198,206,191,168,190,172,188,175,0,0,0,0,0,0,0,0,0,0,135,153,160,175,180,170,186,187,190,188,190,187,174,195,185,174,161,175,59,0,0,0,0,0,0,0,0,0,161,147,160,170,178,177,180,168,173,174,171,185,184,185,172,171,164,174,120,0,0,0,0,0,0,0,0,2,175,146,145,168,178,181,185,180,184,178,179,187,191,193,190,181,171,172,158,0,0,0,0,0,0,0,0,35,177,155,140,151,172,191,187,186,187,186,187,182,191,194,188,180,161,161,185,0,0,0,0,0,0,0,0,59,170,153,141,120,154,160,161,172,168,166,161,165,172,170,164,139,149,162,166,21,0,0,0,0,0,0,0,79,145,160,214,123,128,153,160,164,158,157,154,155,170,165,141,195,193,152,166,61,0,0,0,0,0,0,0,100,157,225,245,175,113,174,158,158,160,155,160,164,178,188,135,185,240,201,172,108,0,0,0,0,0,0,0,0,31,174,28,126,153,166,152,158,158,160,161,157,168,191,188,18,132,159,7,0,0,0,0,0,0,0,0,0,0,0,0,82,187,159,153,157,158,162,164,164,154,187,190,0,0,0,0,0,0,0,0,0,0,0,0,1,3,5,0,37,175,158,155,162,158,160,162,165,153,177,205,0,0,3,3,0,0,0,0,0,0,0,0,0,0,1,0,25,175,152,160,158,161,160,164,164,161,166,200,0,0,1,0,0,0,0,0,0,0,0,0,0,0,4,0,30,171,147,164,155,165,161,165,162,170,164,162,0,0,2,0,0,0,0,0,0,0,0,0,0,0,4,0,57,166,155,164,166,161,161,164,167,165,165,162,28,0,3,0,0,0,0,0,0,0,0,0,0,0,3,0,114,161,161,166,159,168,161,161,172,162,165,171,50,0,5,0,0,0,0,0,0,0,0,0,0,0,1,0,149,157,167,172,159,172,164,161,172,170,160,171,89,0,4,0,0,0,0,0,0,0,0,0,0,2,0,4,171,164,166,173,159,179,166,160,174,167,162,166,128,0,2,0,0,0,0,0,0,0,0,0,0,3,0,18,152,173,160,179,154,181,166,164,175,170,166,170,164,0,0,1,0,0,0,0,0,0,0,0,0,4,0,47,165,172,167,185,153,187,173,165,174,179,166,166,158,5,0,3,0,0,0,0,0,0,0,0,0,4,0,87,180,162,179,179,157,191,182,165,168,190,173,165,166,20,0,4,0,0,0,0,0,0,0,0,0,4,0,105,187,157,194,175,161,190,184,170,158,205,177,168,171,44,0,4,0,0,0,0,0,0,0,0,0,5,0,138,181,158,205,160,167,190,198,167,152,218,186,170,172,57,0,5,0,0,0,0,0,0,0,0,0,5,0,135,174,167,199,155,166,201,219,165,158,218,188,167,175,56,0,7,0,0,0,0,0,0,0,0,0,5,0,129,171,172,177,153,159,206,216,148,157,206,190,165,175,48,0,5,0,0,0,0,0,0,0,0,0,5,0,167,187,182,198,194,200,226,240,184,206,255,197,178,179,42,0,5,0,0,0,0,0,0,0,0,0,3,0,115,135,113,106,85,82,108,133,83,90,121,120,110,158,18,0,3,0,0,0,0,0
0,0,0,0,0,0,0,0,0,0,0,0,0,0,39,111,93,85,27,0,0,0,0,0,1,0,0,0,0,0,0,0,0,0,0,0,0,0,0,1,0,0,190,244,248,255,255,155,202,212,150,9,0,3,0,0,0,0,0,0,0,0,0,0,0,0,0,2,0,0,213,227,233,227,243,246,255,250,255,146,0,9,0,0,0,0,0,0,0,0,0,0,0,0,0,4,0,6,244,233,236,244,232,214,248,242,251,33,0,7,0,0,0,0,0,0,0,0,0,0,0,0,1,6,0,72,255,231,239,244,237,226,255,252,207,44,24,0,2,0,0,0,0,0,0,0,0,0,0,0,0,0,0,125,231,215,253,252,234,246,254,239,128,114,63,0,3,0,0,0,0,0,0,0,0,0,0,0,1,0,0,189,230,198,185,219,218,255,206,255,133,31,0,0,0,0,0,0,0,0,0,0,0,0,0,0,4,0,0,224,241,255,236,237,223,191,219,166,0,0,1,0,0,0,0,0,0,0,0,0,0,0,0,0,1,0,61,245,202,220,237,220,242,199,255,178,0,0,1,0,0,0,0,0,0,0,0,0,0,0,0,0,0,0,153,247,205,202,212,207,225,190,255,93,141,0,0,1,0,0,0,0,0,0,0,0,0,0,0,3,0,0,222,228,233,243,248,242,242,209,255,0,90,177,0,0,0,0,0,0,0,0,0,0,0,0,0,2,0,46,255,221,235,235,213,248,220,206,255,225,28,255,0,0,0,0,0,0,0,0,0,0,0,0,0,0,0,116,250,215,227,231,226,255,195,216,250,255,159,255,160,0,0,0,0,0,0,0,0,0,0,0,3,0,7,226,202,241,247,241,228,255,175,229,252,241,255,224,224,76,0,0,0,0,0,0,0,0,0,0,0,0,131,255,210,212,251,252,229,255,175,227,254,239,245,230,223,149,90,0,0,0,0,0,0,0,0,2,0,0,227,238,238,225,205,242,246,223,187,221,254,238,255,233,156,0,0,0,0,0,0,0,0,1,0,0,0,77,255,239,248,252,237,195,201,232,190,205,252,235,255,199,0,0,0,0,0,0,0,0,0,0,0,0,0,207,223,186,215,223,255,255,217,229,254,251,244,240,255,207,0,0,1,0,0,0,0,0,0,0,2,0,53,254,234,239,222,190,187,200,250,237,195,251,250,237,253,192,0,0,0,0,0,0,0,2,4,2,0,0,190,247,233,231,250,254,247,208,208,231,226,207,246,235,248,175,0,0,0,0,0,1,6,0,0,0,0,117,245,184,242,238,235,238,244,233,255,255,99,155,255,233,252,154,0,0,0,0,0,0,0,0,3,33,141,255,197,208,184,234,246,240,243,231,255,77,0,172,255,231,253,139,0,1,0,0,0,0,84,243,246,255,254,240,241,190,229,198,243,244,238,255,80,0,0,176,255,231,252,113,0,3,0,0,0,25,223,239,230,231,231,234,241,247,191,225,230,252,255,173,0,0,0,170,255,228,251,97,0,4,0,0,0,103,241,217,228,230,238,241,238,248,244,216,172,223,255,0,0,7,0,159,255,234,251,74,0,4,0,0,0,9,188,229,242,241,243,240,236,238,241,251,237,253,64,0,0,3,0,154,255,229,255,62,0,7,0,0,0,0,0,28,123,199,249,255,255,255,255,255,245,72,0,0,0,3,0,117,255,245,220,19,0,4,0,0,0,0,0,0,0,0,0,38,72,89,71,37,0,0,0,0,0,3,0,0,64,42,24,0,0,0,0,0,9
0,0,0,0,0,0,0,0,0,0,0,0,0,0,0,0,0,0,0,0,0,0,0,0,0,0,0,0,0,0,0,0,0,0,0,0,0,0,0,0,0,0,0,0,0,0,0,0,0,0,0,0,0,0,0,0,0,0,0,0,0,0,0,0,0,0,0,0,0,0,0,0,0,0,0,0,0,0,0,0,0,0,0,0,0,0,0,0,0,0,0,0,0,0,0,0,0,0,0,0,0,0,0,0,0,0,0,0,0,0,0,0,0,0,0,0,0,0,0,0,0,0,0,0,0,0,0,0,0,0,0,0,0,0,0,0,0,0,0,0,0,0,0,0,0,0,0,0,0,0,0,0,0,0,0,0,0,0,0,0,0,0,0,0,0,0,0,0,0,0,0,0,0,0,0,0,0,0,0,0,0,0,0,32,60,0,0,0,0,0,0,0,0,0,0,0,0,0,0,0,0,0,0,0,0,0,0,0,0,0,85,216,144,43,0,0,0,0,0,0,0,91,54,0,0,0,0,0,0,0,0,0,0,0,2,0,27,172,200,182,189,197,0,0,0,12,110,130,139,127,66,0,0,0,0,0,0,0,0,0,0,0,3,0,45,212,180,158,213,235,92,27,103,184,193,132,43,0,0,0,0,0,0,0,0,0,2,1,0,0,0,0,0,194,222,163,163,182,239,211,164,69,25,0,0,1,5,0,0,0,0,0,2,0,0,0,0,0,0,0,0,55,244,242,229,200,216,63,0,0,0,0,0,0,0,0,1,0,0,1,0,0,24,117,190,0,0,0,0,0,157,230,226,202,206,148,0,0,3,18,30,39,65,48,1,2,1,1,0,144,197,184,206,150,0,0,0,0,5,94,157,189,203,243,177,108,136,149,154,150,145,108,0,0,0,0,0,101,235,197,171,230,30,0,0,0,0,47,200,206,148,154,109,75,54,61,61,57,75,54,6,16,1,0,0,0,190,126,0,200,101,0,29,85,119,127,154,101,90,97,66,118,105,121,91,94,122,48,41,112,113,115,106,94,197,206,114,194,255,119,123,118,79,86,55,108,74,74,81,57,103,54,82,86,83,46,29,72,34,74,59,83,100,63,96,83,114,64,70,63,100,69,100,91,81,87,92,94,87,115,68,70,96,24,20,99,90,104,86,103,82,91,48,78,64,109,92,79,74,95,108,91,88,95,97,75,79,100,92,96,97,14,6,97,75,91,79,90,63,94,90,91,100,72,75,83,81,79,55,73,48,88,81,83,68,61,69,39,79,2,0,82,115,109,109,123,78,95,92,91,105,90,110,117,130,132,137,141,142,128,126,151,180,170,163,162,114,0,0,0,2,39,63,85,112,101,109,105,90,94,77,59,47,43,19,2,0,0,0,3,25,20,27,24,9,0,0,0,0,0,0,0,0,0,0,0,0,0,0,0,0,0,0,0,0,0,0,0,0,0,0,0,0,0,0,0,0,0,0,0,0,0,0,0,0,0,0,0,0,0,0,0,0,0,0,0,0,0,0,0,0,0,0,0,0,0,0,0,0,0,0,0,0,0,0,0,0,0,0,0,0,0,0,0,0,0,0,0,0,0,0,0,0,0,0,0,0,0,0,0,0,0,0,0,0,0,0,0,0,0,0,0,0,0,0,0,0,0,0,0,0,0,0,0,0,0,0,0,0,0,0,0,0,0,0,0,0,0,0,0,0,0,0,0,0,0,0,0,0,0,0,0,0,0,0,0,0,0,0,0,0,0,0,0,0,0,0,0,0,0,0,0,0,0,5
0,0,0,0,0,0,0,0,0,0,0,0,0,0,0,0,0,0,0,0,0,0,0,0,0,0,0,0,0,0,0,0,0,0,0,0,0,0,0,0,0,0,0,0,0,0,0,0,0,0,0,0,0,0,0,0,0,0,0,0,0,0,0,0,0,0,0,0,0,0,0,0,0,0,0,0,0,0,0,0,0,0,0,0,0,0,0,0,0,0,0,0,0,0,0,0,0,0,0,0,0,0,0,0,0,0,0,0,0,0,0,0,0,0,0,0,0,0,0,0,0,0,0,0,0,0,0,0,0,0,0,0,0,0,0,0,0,0,0,0,0,0,0,0,0,0,0,0,0,0,0,0,0,0,0,0,0,0,0,0,0,0,0,0,0,0,0,0,0,0,0,0,0,0,0,0,0,0,0,0,0,0,0,0,0,0,0,0,0,0,0,0,0,0,0,0,0,0,0,0,0,0,0,0,0,0,0,0,0,0,0,0,0,0,0,0,0,0,0,0,0,0,0,0,0,0,0,0,0,0,0,0,0,1,0,0,0,110,60,38,94,73,27,0,0,0,0,0,0,121,78,0,0,0,0,0,0,0,0,0,0,4,0,0,68,22,1,82,140,131,178,144,92,41,0,32,99,151,129,0,0,0,0,0,0,0,0,2,0,0,41,126,153,140,125,120,112,108,117,102,121,144,123,120,34,124,161,0,0,0,0,0,1,2,3,0,0,72,184,77,91,129,125,142,141,151,139,119,112,146,112,27,25,152,178,28,0,0,0,0,2,0,2,39,0,197,41,52,43,0,0,0,0,16,87,134,168,156,77,48,71,162,172,56,0,0,1,0,0,54,71,178,113,18,50,215,45,0,4,0,0,0,0,0,44,150,145,150,176,182,165,56,2,1,0,0,105,136,94,115,181,49,110,141,7,0,3,1,0,1,0,0,153,179,182,195,209,193,170,30,0,0,0,0,77,56,60,57,71,77,60,137,0,0,0,0,0,0,0,71,254,182,219,200,199,178,167,4,0,0,0,0,130,147,147,170,162,131,157,192,0,0,4,29,43,71,82,108,82,52,35,24,19,13,23,0,59,140,117,101,121,140,149,161,173,171,173,163,72,76,72,83,81,77,71,68,66,81,94,99,104,99,121,22,16,87,114,120,98,96,104,118,137,144,155,157,195,163,173,177,177,178,179,224,209,194,193,198,198,155,183,27,0,0,0,0,3,11,22,34,36,50,43,49,48,64,66,40,32,36,46,62,66,61,73,70,56,46,18,0,0,0,0,0,0,0,0,0,0,0,0,0,0,0,0,0,0,0,0,0,0,0,0,0,0,0,0,0,0,0,0,0,0,0,0,0,0,0,0,0,0,0,0,0,0,0,0,0,0,0,0,0,0,0,0,0,0,0,0,0,0,0,0,0,0,0,0,0,0,0,0,0,0,0,0,0,0,0,0,0,0,0,0,0,0,0,0,0,0,0,0,0,0,0,0,0,0,0,0,0,0,0,0,0,0,0,0,0,0,0,0,0,0,0,0,0,0,0,0,0,0,0,0,0,0,0,0,0,0,0,0,0,0,0,0,0,0,0,0,0,0,0,0,0,0,0,0,0,0,0,0,0,0,0,0,0,0,0,0,0,0,0,0,0,0,0,0,0,0,0,0,0,0,0,0,0,0,0,0,0,0,0,0,0,0,0,0,0,0,0,0,0,0,0,0,0,0,0,0,0,0,0,0,0,0,0,0,0,0,0,0,0,0,0,0,0,0,0,0,0,0,0,0,0,5
0,0,0,0,0,0,0,0,0,0,0,0,0,0,0,0,0,0,0,0,0,0,0,0,0,0,0,0,0,0,0,0,0,0,0,0,0,0,0,0,0,0,0,0,0,0,0,0,0,0,0,0,0,0,0,0,0,0,0,0,0,0,0,0,0,0,0,0,0,0,0,0,0,0,0,0,0,0,0,0,0,0,0,0,0,0,0,0,0,0,0,0,0,0,0,0,0,0,0,0,0,0,0,0,0,0,0,0,0,0,0,0,0,0,0,0,0,0,0,0,0,0,0,0,0,0,0,0,0,0,0,0,0,0,0,0,0,0,0,0,0,0,0,0,0,0,0,0,0,0,0,0,0,0,0,0,0,0,0,0,0,0,0,0,0,0,0,0,0,0,0,0,0,0,0,0,0,0,0,0,0,0,0,0,0,0,0,0,0,0,0,0,0,0,0,0,0,0,0,0,0,0,0,0,0,0,0,0,0,0,0,0,0,0,0,0,0,0,0,0,0,0,0,0,0,0,0,0,0,0,0,0,0,0,0,0,0,0,0,0,0,0,0,0,0,0,0,0,0,0,0,0,0,0,0,0,0,0,0,0,0,0,0,0,0,0,0,1,69,35,0,1,0,0,0,0,0,0,0,0,0,0,0,0,0,0,0,0,1,0,0,0,0,34,160,128,191,114,0,0,0,0,0,0,0,107,59,0,0,0,0,0,0,1,1,0,0,0,5,48,126,151,160,172,113,130,61,0,0,0,0,51,201,245,166,0,1,2,1,0,0,0,0,0,0,30,164,166,136,119,101,88,165,149,141,116,97,92,132,162,141,233,210,0,0,0,0,0,2,14,34,64,82,119,135,88,136,122,206,190,122,122,116,144,145,151,144,140,151,159,182,11,0,2,42,72,90,105,115,102,106,120,93,149,131,99,185,198,94,94,105,97,113,102,114,123,107,93,147,31,92,228,130,109,95,86,85,73,94,85,103,102,65,74,77,78,90,97,107,114,114,123,144,139,136,157,189,31,19,88,141,173,173,173,161,170,203,198,205,215,224,227,230,245,255,252,248,252,239,228,216,214,214,208,231,82,14,0,0,0,0,0,0,0,5,3,10,5,6,14,14,11,6,1,0,0,0,0,0,0,0,0,0,13,0,14,28,31,28,24,27,24,24,23,30,22,19,21,21,22,23,23,24,26,28,35,39,36,36,38,44,22,0,0,0,0,0,0,0,0,0,0,0,0,0,0,0,0,0,0,0,0,0,0,0,0,0,0,0,0,0,0,0,0,0,0,0,0,0,0,0,0,0,0,0,0,0,0,0,0,0,0,0,0,0,0,0,0,0,0,0,0,0,0,0,0,0,0,0,0,0,0,0,0,0,0,0,0,0,0,0,0,0,0,0,0,0,0,0,0,0,0,0,0,0,0,0,0,0,0,0,0,0,0,0,0,0,0,0,0,0,0,0,0,0,0,0,0,0,0,0,0,0,0,0,0,0,0,0,0,0,0,0,0,0,0,0,0,0,0,0,0,0,0,0,0,0,0,0,0,0,0,0,0,0,0,0,0,0,0,0,0,0,0,0,0,0,0,0,0,0,0,0,0,0,0,0,0,0,0,0,0,0,0,0,0,0,0,0,0,0,0,0,0,0,0,0,0,0,0,0,0,0,0,0,0,0,0,0,0,0,0,0,0,0,0,0,0,0,0,0,0,0,0,0,0,0,0,0,0,0,0,0,0,0,0,0,0,0,0,0,0,0,0,0,0,0,0,0,0,0,0,0,0,7
0,0,0,0,0,0,0,0,0,0,0,0,0,0,0,0,0,0,0,0,0,0,0,0,0,0,0,0,0,0,0,0,0,0,0,0,0,0,0,0,0,0,0,0,0,0,0,0,0,0,0,0,0,0,0,0,0,0,0,0,0,0,0,0,0,0,0,0,0,0,0,0,0,0,0,0,0,0,0,0,0,0,0,0,0,0,0,0,0,0,0,0,0,0,0,0,0,0,0,0,0,0,0,0,0,0,0,0,0,0,0,0,0,0,0,0,0,0,0,0,0,0,0,0,0,0,0,0,0,0,0,0,0,0,0,0,0,0,0,0,0,0,0,0,0,0,0,0,0,0,0,0,0,0,85,188,146,79,0,0,0,0,0,0,0,0,0,0,0,0,0,0,0,0,0,0,0,0,0,0,0,0,140,202,199,255,144,0,0,0,0,11,135,157,5,0,0,0,0,0,0,0,0,0,0,0,0,3,0,0,200,187,200,191,255,51,0,0,16,208,227,236,63,0,0,0,0,0,0,0,0,0,0,0,0,2,0,18,233,193,206,186,219,255,171,140,255,221,203,217,43,0,0,0,0,0,0,0,0,0,0,0,0,0,0,107,217,195,203,204,209,216,244,255,213,207,218,228,72,0,0,0,0,0,0,0,0,0,0,0,0,0,0,231,216,209,204,205,217,218,214,213,201,210,215,233,128,0,0,0,0,0,0,0,0,0,0,0,1,0,33,255,206,214,204,213,218,213,217,222,196,201,205,231,185,0,0,0,0,0,0,0,0,0,0,9,2,0,159,234,193,209,206,215,218,217,221,210,201,205,214,219,249,0,0,0,0,0,0,0,0,0,1,0,0,77,255,219,207,204,205,213,213,215,213,203,211,217,217,202,255,71,0,0,1,2,3,3,1,0,0,0,121,245,214,219,210,200,205,215,215,219,214,204,208,213,214,201,246,118,0,0,0,0,0,0,0,0,78,216,255,208,205,214,197,202,214,211,210,213,211,208,214,204,208,207,237,136,0,0,0,0,19,87,135,211,255,217,202,206,214,209,198,202,214,214,211,213,200,207,212,201,198,203,243,130,0,64,190,219,241,214,227,216,194,193,199,201,201,213,204,198,201,205,208,202,202,205,196,198,202,201,255,73,23,214,209,198,198,195,200,194,212,201,201,203,204,211,204,199,199,195,194,181,187,212,208,201,212,219,245,11,129,220,200,207,206,204,191,202,209,212,211,207,204,202,198,206,209,198,204,222,246,223,197,179,165,163,179,0,125,232,211,205,213,212,215,216,214,207,200,197,200,197,205,204,213,226,240,176,91,163,164,159,162,173,198,0,0,146,212,229,215,213,203,198,206,203,202,202,197,196,208,227,225,112,0,0,0,185,160,161,155,167,204,0,0,0,5,117,211,237,255,244,231,225,216,220,228,255,245,122,0,0,0,0,0,231,214,212,221,201,228,6,0,2,0,0,0,0,66,116,160,191,207,207,200,120,0,0,0,0,2,0,0,95,85,79,67,51,0,0,0,0,0,0,0,0,0,0,0,0,0,0,0,0,0,0,0,0,0,0,0,0,0,0,0,0,0,0,0,0,0,0,0,0,0,0,0,0,0,0,0,0,0,0,0,0,0,0,0,0,0,0,0,0,0,0,0,0,0,0,0,0,0,0,0,0,0,0,0,0,0,0,0,0,0,0,0,0,0,0,0,0,0,0,0,0,0,0,0,0,0,0,0,0,0,0,0,0,0,0,0,0,0,0,0,0,0,0,0,0,0,0,9
0,0,0,0,0,0,0,0,0,53,146,127,115,111,130,129,100,147,169,190,0,0,0,0,0,0,0,0,0,0,0,0,0,0,0,0,0,117,190,188,221,234,254,236,221,205,186,222,0,0,0,0,0,0,0,0,0,0,0,0,0,0,0,0,0,127,156,175,193,195,195,202,203,187,168,228,32,0,0,0,0,0,0,0,0,0,0,0,0,0,0,0,0,165,186,198,209,219,198,205,211,201,189,233,94,0,0,0,0,0,0,0,0,0,0,0,0,0,0,0,0,185,199,210,225,207,201,207,221,210,208,236,111,0,0,0,0,0,0,0,0,0,0,0,0,0,0,0,0,200,175,172,215,224,216,216,223,210,198,237,152,0,0,0,0,0,0,0,0,0,0,0,0,0,0,0,7,213,156,151,171,187,215,227,212,200,178,215,177,0,0,0,0,0,0,0,0,0,0,0,0,0,0,0,25,201,136,156,178,198,213,235,168,166,163,207,178,0,0,0,0,0,0,0,0,0,0,0,0,0,0,0,42,195,134,162,171,201,1,229,198,166,154,193,173,0,0,0,0,0,0,0,0,0,0,0,0,0,0,0,50,184,134,167,184,181,0,213,190,197,179,189,179,0,0,0,0,0,0,0,0,0,0,0,0,0,0,0,49,175,134,169,169,211,0,196,178,153,183,196,176,0,0,0,0,0,0,0,0,0,0,0,0,0,0,0,50,173,134,167,174,223,0,161,208,140,172,198,173,0,0,0,0,0,0,0,0,0,0,0,0,0,0,0,49,169,125,158,187,213,0,124,219,132,149,198,176,0,0,0,0,0,0,0,0,0,0,0,0,0,0,0,49,168,128,150,192,197,0,82,219,152,153,177,175,0,0,0,0,0,0,0,0,0,0,0,0,0,0,0,50,174,136,144,190,185,0,29,221,155,153,184,174,0,0,0,0,0,0,0,0,0,0,0,0,0,0,0,53,175,140,161,191,143,0,13,221,154,156,184,173,0,0,0,0,0,0,0,0,0,0,0,0,0,0,0,58,184,122,166,198,115,0,0,217,158,160,180,167,0,0,0,0,0,0,0,0,0,0,0,0,0,0,0,58,204,111,172,203,79,0,0,204,164,155,188,169,0,0,0,0,0,0,0,0,0,0,0,0,0,0,0,55,214,138,177,209,41,0,0,186,180,152,187,168,0,0,0,0,0,0,0,0,0,0,0,0,0,0,0,55,214,149,177,210,23,0,0,158,199,173,192,163,0,0,0,0,0,0,0,0,0,0,0,0,0,0,0,55,216,159,187,204,6,0,0,136,198,189,208,165,0,0,0,0,0,0,0,0,0,0,0,0,0,0,0,55,212,161,197,191,0,0,0,118,192,185,214,161,0,0,0,0,0,0,0,0,0,0,0,0,0,0,0,63,201,162,207,171,0,0,0,86,197,184,214,156,0,0,0,0,0,0,0,0,0,0,0,0,0,0,0,68,197,168,213,155,0,0,0,64,196,183,219,154,0,0,0,0,0,0,0,0,0,0,0,0,0,0,0,73,193,168,215,146,0,1,0,56,190,180,205,146,0,0,0,0,0,0,0,0,0,0,0,0,0,0,0,73,176,168,204,137,0,3,0,37,186,179,204,138,0,0,0,0,0,0,0,0,0,0,0,0,0,0,0,94,197,178,212,129,0,5,0,32,193,185,210,150,0,0,0,0,0,0,0,0,0,0,0,0,0,0,0,49,122,126,160,65,0,3,0,8,156,173,188,107,0,0,0,0,0,0,0,1
0,0,0,0,0,0,0,0,0,0,0,19,4,0,0,0,0,0,0,0,0,1,2,0,0,0,0,0,0,0,0,0,0,0,0,0,1,72,157,222,244,252,148,198,200,241,201,46,0,0,0,1,0,0,0,0,0,0,0,0,0,0,31,200,211,226,224,205,211,242,212,246,245,194,207,212,220,120,0,0,1,0,0,0,0,0,0,0,0,0,190,217,200,200,198,196,189,178,198,179,164,179,182,183,182,193,196,0,0,0,0,0,0,0,0,0,0,101,212,196,200,198,198,197,194,187,189,190,186,189,186,183,174,161,175,83,0,0,0,0,0,0,0,0,0,205,213,200,200,193,194,194,193,189,189,186,189,183,179,171,176,163,171,175,0,0,0,0,0,0,0,0,0,205,216,205,212,190,191,189,189,187,186,185,185,182,183,180,172,154,164,196,26,0,0,0,0,0,0,0,157,215,226,244,231,189,183,189,187,186,183,183,183,179,182,180,167,178,198,185,89,0,0,0,0,0,0,0,49,227,220,254,250,200,185,186,185,185,182,180,182,174,168,160,150,211,219,196,150,0,0,0,0,0,0,0,0,0,171,239,204,230,191,189,180,185,182,187,178,178,163,174,142,183,164,53,0,0,0,0,0,0,0,0,0,0,0,0,164,226,198,190,179,187,182,186,179,183,159,165,170,0,0,0,0,0,0,0,0,0,0,0,0,0,0,0,161,228,189,196,179,189,182,183,180,185,160,168,174,0,0,2,1,0,0,0,0,0,0,0,0,0,0,0,175,228,189,200,176,194,183,187,183,186,160,165,163,0,0,0,0,0,0,0,0,0,0,0,0,0,0,0,193,219,193,198,178,197,183,190,185,183,163,160,153,0,0,0,0,0,0,0,0,0,0,0,0,0,0,0,212,205,202,191,180,200,182,190,189,180,172,159,141,0,0,0,0,0,0,0,0,0,0,0,0,1,0,0,215,197,212,186,183,201,182,193,189,182,179,164,132,0,1,0,0,0,0,0,0,0,0,0,0,1,0,0,220,201,220,180,190,202,185,197,189,179,180,171,131,0,1,0,0,0,0,0,0,0,0,0,0,2,0,0,228,209,215,176,193,201,187,198,193,175,183,168,148,0,0,0,0,0,0,0,0,0,0,0,0,2,0,0,198,211,207,175,197,200,189,201,194,182,183,171,153,0,0,0,0,0,0,0,0,0,0,0,0,4,0,1,208,207,202,178,198,201,189,207,197,186,183,170,156,0,0,1,0,0,0,0,0,0,0,0,0,4,0,4,209,205,200,182,198,204,191,207,200,186,179,180,156,0,0,1,0,0,0,0,0,0,0,0,0,4,0,12,211,202,196,186,197,207,194,205,202,190,179,175,168,0,0,2,0,0,0,0,0,0,0,0,0,5,0,23,211,202,198,189,196,204,197,209,202,190,182,172,178,0,0,2,0,0,0,0,0,0,0,0,0,5,0,38,213,201,200,191,197,200,198,212,204,193,185,172,183,0,0,2,0,0,0,0,0,0,0,0,0,6,0,49,215,200,198,191,200,200,201,212,211,197,187,175,185,0,0,2,0,0,0,0,0,0,0,0,0,6,0,60,219,200,197,185,194,194,197,204,207,190,187,172,159,1,0,2,0,0,0,0,0,0,0,0,0,5,0,72,220,219,245,231,233,234,238,235,239,228,231,198,217,17,0,2,0,0,0,0,0,0,0,0,0,1,0,0,37,69,89,97,109,122,127,126,130,116,91,80,46,0,0,1,0,0,0,0,0
0,0,0,2,0,2,0,0,6,36,79,24,0,0,0,0,0,31,73,1,0,0,0,2,0,0,0,0,0,0,0,1,2,0,0,153,160,153,176,189,188,194,145,154,149,192,179,145,161,83,0,0,2,0,0,0,0,0,0,2,0,0,135,170,144,150,147,162,187,106,1,200,177,166,146,149,151,169,113,0,3,0,0,0,0,0,0,4,0,34,179,149,151,150,145,135,169,136,86,190,156,143,146,148,146,143,157,3,0,3,0,0,0,0,0,0,0,101,177,160,152,155,150,148,144,156,163,141,154,152,150,145,147,144,163,64,0,4,0,0,0,0,0,0,0,143,178,171,154,156,149,145,149,149,145,148,147,152,148,137,152,155,162,108,0,0,0,0,0,0,0,0,0,178,174,176,163,155,144,141,146,149,140,146,143,143,139,144,150,161,163,129,0,0,0,0,0,0,0,0,5,166,180,174,190,161,147,146,149,149,147,147,149,147,143,144,157,179,150,163,0,0,0,0,0,0,0,0,30,176,178,186,208,151,149,151,154,152,152,151,152,149,141,134,194,183,155,179,0,0,0,0,0,0,0,0,80,181,182,196,212,147,152,150,152,151,151,151,151,147,142,131,190,198,159,160,32,0,0,0,0,0,0,0,103,182,175,206,197,152,148,150,153,154,153,150,149,142,143,136,183,224,160,161,80,0,0,0,0,0,0,0,138,187,174,225,187,150,152,152,155,154,156,154,154,147,150,131,186,227,159,162,119,0,0,0,0,0,0,0,164,195,171,235,180,154,153,153,157,157,158,152,152,147,143,137,169,232,161,173,144,0,0,0,0,0,0,0,182,200,171,231,170,154,155,157,159,159,160,157,155,144,149,142,157,232,166,187,170,0,0,0,0,0,0,0,191,201,180,251,159,157,157,157,157,159,163,152,152,147,148,148,148,226,174,193,172,0,0,0,0,0,0,7,191,209,200,203,143,166,159,157,160,162,158,156,156,143,147,154,131,215,194,195,169,5,0,0,0,0,0,24,191,212,213,212,148,166,156,155,158,161,158,156,153,145,153,148,142,204,232,184,175,27,0,0,0,0,0,40,198,213,224,193,155,162,159,157,157,164,160,160,154,145,152,154,140,161,234,178,178,38,0,0,0,0,0,46,193,224,231,122,168,163,161,159,163,171,165,169,164,152,160,155,147,124,246,190,184,49,0,0,0,0,0,42,193,225,227,115,172,150,152,150,154,152,149,156,163,152,140,139,168,87,231,195,178,63,0,0,0,0,0,52,188,217,224,107,178,174,156,165,184,162,180,174,161,171,182,166,180,86,255,186,170,72,0,0,0,0,0,58,207,232,229,120,177,181,152,160,189,183,223,167,139,156,173,179,178,62,230,146,183,78,0,0,0,0,0,70,219,232,234,175,156,185,146,164,186,186,203,155,151,160,155,198,182,131,237,164,176,101,0,0,0,0,0,91,183,198,212,151,159,178,155,159,187,195,191,152,156,156,140,210,191,137,226,203,199,100,0,0,0,0,0,98,189,192,219,150,149,166,147,148,187,211,178,152,157,148,143,188,187,125,213,200,192,96,0,0,0,0,0,87,203,171,207,171,183,172,168,165,176,199,185,161,161,161,170,187,186,155,209,195,175,63,0,0,0,0,0,44,193,217,84,80,99,79,88,125,203,171,169,199,181,186,116,118,133,114,170,221,179,4,0,0,0,0,0,0,74,133,6,0,0,0,0,0,0,0,0,0,0,0,0,0,0,0,15,160,100,0,0,0,6
0,0,0,0,0,0,0,2,0,0,12,55,98,52,45,70,47,0,0,1,0,0,0,0,0,0,0,0,0,0,0,0,0,0,0,0,0,39,52,93,144,83,66,86,78,48,0,0,0,0,0,0,0,0,0,0,0,0,0,0,0,0,0,0,35,67,36,118,151,60,28,63,44,60,52,0,0,0,0,0,0,0,0,0,0,0,0,0,0,0,0,0,51,43,29,90,211,232,157,90,22,21,53,9,0,0,0,0,0,0,0,0,0,0,0,0,0,0,2,36,63,99,70,63,246,241,164,116,80,110,145,117,28,0,0,0,0,0,0,0,0,0,0,0,0,0,36,66,56,63,109,55,223,255,225,110,134,105,79,76,87,49,0,0,0,0,0,0,0,0,0,0,0,0,52,43,59,62,39,25,44,229,228,43,40,43,62,51,56,74,12,0,0,0,0,0,0,0,0,0,0,9,58,48,49,58,60,47,16,234,180,17,59,55,64,53,60,75,40,0,0,0,0,0,0,0,0,0,0,29,59,40,48,40,47,56,32,78,60,41,60,49,59,49,78,72,63,0,0,0,0,0,0,0,0,0,0,37,68,53,37,47,45,49,22,156,93,28,56,53,62,58,103,55,79,0,0,0,0,0,0,0,0,0,0,52,56,66,41,41,48,49,31,89,60,37,48,56,56,63,93,49,87,1,0,0,0,0,0,0,0,0,10,66,60,99,55,39,47,47,37,76,62,39,51,60,58,72,113,47,98,20,0,0,0,0,0,0,0,0,9,63,71,113,48,39,47,51,35,85,67,39,63,64,59,110,140,52,87,43,0,0,0,0,0,0,0,0,14,53,68,106,29,48,47,55,37,74,58,45,58,62,59,121,120,37,95,52,0,0,0,0,0,0,0,0,24,56,67,124,36,47,48,51,39,75,76,47,51,68,71,117,140,60,76,60,0,0,0,0,0,0,0,0,43,62,70,114,36,43,49,49,33,75,78,39,53,66,74,98,126,62,68,89,0,0,0,0,0,0,0,0,49,68,107,116,12,56,44,52,33,74,75,33,66,49,101,86,103,85,86,109,0,0,0,0,0,0,0,0,44,71,114,97,18,66,44,52,44,67,79,47,59,33,133,91,49,121,76,110,40,0,0,0,0,0,0,0,53,68,121,37,16,55,47,52,40,66,83,47,49,49,97,91,29,102,70,109,60,0,0,0,0,0,0,0,47,56,113,32,18,55,47,59,37,60,91,33,60,62,63,90,8,114,76,80,49,0,0,0,0,0,0,0,48,59,99,20,29,52,49,55,41,64,89,35,64,48,55,111,14,59,70,67,36,0,0,0,0,0,0,0,45,63,106,0,52,52,49,48,43,58,90,49,56,59,59,99,43,21,83,76,52,0,0,0,0,0,0,0,45,63,97,0,43,48,52,48,41,55,94,43,58,70,55,85,49,5,86,75,45,0,0,0,0,0,0,0,45,70,67,14,86,41,49,51,45,58,89,36,67,63,53,80,56,1,86,71,48,0,0,0,0,0,0,0,58,99,51,45,118,39,52,48,47,55,63,55,64,53,67,70,78,0,82,91,68,0,0,0,0,0,0,0,14,25,10,29,39,49,53,44,45,48,49,64,51,62,64,58,90,6,0,13,8,0,0,0,0,0,0,0,0,0,0,60,60,53,53,55,55,53,66,63,62,70,70,76,93,36,0,0,0,0,0,0,0,0,0,0,0,0,4,53,45,53,44,43,39,43,45,41,62,49,60,56,67,22,0,2,0,0,0,0,4
0,0,0,0,0,1,0,0,0,65,99,0,0,0,0,0,0,0,106,60,0,0,0,0,0,0,0,0,0,0,0,0,0,1,0,17,190,206,202,145,148,146,148,166,165,189,212,210,202,0,0,0,0,0,0,0,0,0,0,0,0,0,0,160,229,193,189,197,169,182,109,165,156,202,198,196,233,96,0,0,0,0,0,0,0,0,0,0,0,0,2,199,198,213,193,201,207,196,172,211,206,207,200,202,208,217,0,0,0,0,0,0,0,0,0,0,0,0,139,205,200,207,190,192,210,210,208,212,208,197,201,210,206,205,83,0,0,0,0,0,0,0,0,0,0,2,196,220,200,200,190,193,199,222,222,225,199,198,210,212,218,227,189,0,0,0,0,0,0,0,0,0,0,0,0,162,215,199,192,196,195,204,221,200,195,205,208,218,235,170,0,0,0,0,0,0,0,0,0,0,0,0,0,0,172,240,192,204,203,206,203,199,206,215,211,232,114,0,0,0,0,0,0,0,0,0,0,0,0,0,2,0,0,32,235,200,206,208,205,204,208,215,252,10,0,0,0,0,0,0,0,0,0,0,0,0,0,1,0,3,0,12,247,201,208,210,206,208,211,216,255,0,0,0,0,0,0,0,0,0,0,0,0,0,0,0,0,2,0,5,247,205,214,207,208,211,211,220,251,0,0,1,0,0,0,0,0,0,0,0,0,0,0,0,0,1,0,0,241,210,210,207,213,214,211,222,241,0,0,1,0,0,0,0,0,0,0,0,0,0,0,0,1,0,0,0,202,217,206,211,216,219,212,226,226,0,0,1,0,0,0,0,0,0,0,0,0,0,0,1,0,0,0,0,214,213,208,204,223,210,213,216,213,17,0,2,0,0,0,0,0,0,0,0,0,0,0,0,0,2,0,99,218,202,211,205,220,205,215,205,229,152,0,0,0,0,0,0,0,0,0,0,0,0,0,0,0,1,0,165,214,204,211,213,214,211,217,208,219,203,0,0,0,0,0,0,0,0,0,0,0,0,0,0,0,0,0,188,213,208,206,212,218,208,216,204,218,197,0,0,2,0,0,0,0,0,0,0,0,0,0,0,1,0,0,213,210,216,204,214,217,205,217,208,215,212,2,0,2,0,0,0,0,0,0,0,0,0,0,0,2,0,0,225,210,219,201,214,218,205,216,207,214,221,17,0,2,0,0,0,0,0,0,0,0,0,0,0,2,0,0,197,211,215,200,216,219,210,215,208,213,227,35,0,2,0,0,0,0,0,0,0,0,0,0,0,3,0,3,206,210,219,199,215,222,210,215,211,211,228,60,0,2,0,0,0,0,0,0,0,0,0,0,0,2,0,11,208,211,220,200,215,223,211,214,212,210,229,69,0,2,0,0,0,0,0,0,0,0,0,0,0,2,0,7,207,213,218,201,216,222,214,213,213,211,228,61,0,2,0,0,0,0,0,0,0,0,0,0,0,2,0,0,203,215,217,201,216,222,213,213,213,212,228,47,0,3,0,0,0,0,0,0,0,0,0,0,0,2,0,0,196,218,216,201,216,223,214,212,215,214,226,27,0,2,0,0,0,0,0,0,0,0,0,0,0,2,0,0,221,221,212,202,216,222,216,212,213,212,221,17,0,3,0,0,0,0,0,0,0,0,0,0,0,1,0,0,203,227,212,213,228,235,229,226,226,217,225,17,0,2,0,0,0,0,0,0,0,0,0,0,0,0,0,0,176,216,202,184,178,188,184,185,183,199,207,3,0,2,0,0,0,0,0,3
0,0,0,0,0,0,0,0,9,0,0,0,0,0,0,0,0,0,0,4,0,0,0,0,0,0,0,0,0,0,0,0,0,0,0,0,0,6,30,3,4,4,13,21,30,49,31,0,0,0,0,0,0,0,0,0,0,0,0,0,0,0,0,0,0,158,229,214,215,208,212,215,214,227,228,0,0,0,0,0,0,0,0,0,0,0,0,0,0,0,0,0,0,202,206,205,212,233,244,214,200,205,196,0,0,0,0,0,0,0,0,0,0,0,0,0,0,0,0,0,0,226,208,196,182,240,211,202,194,194,252,0,0,0,0,0,0,0,0,0,0,0,0,0,0,0,0,0,0,232,204,203,176,217,208,205,192,184,251,31,0,0,0,0,0,0,0,0,0,0,0,0,0,0,0,0,8,253,202,199,180,205,196,190,202,192,233,57,0,0,0,0,0,0,0,0,0,0,0,0,0,0,0,0,26,250,185,197,180,199,196,182,203,187,209,72,0,0,0,0,0,0,0,0,0,0,0,0,0,0,0,0,43,241,190,197,184,199,198,181,204,179,198,92,0,0,0,0,0,0,0,0,0,0,0,0,0,0,0,0,44,241,197,193,184,206,210,187,206,176,202,98,0,0,0,0,0,0,0,0,0,0,0,0,0,0,0,0,50,239,194,181,188,190,151,204,192,175,200,95,0,0,0,0,0,0,0,0,0,0,0,0,0,0,0,0,62,233,194,178,193,186,153,215,188,170,197,98,0,0,0,0,0,0,0,0,0,0,0,0,0,0,0,0,70,228,192,175,196,173,127,215,194,170,194,107,0,0,0,0,0,0,0,0,0,0,0,0,0,0,0,0,76,228,192,170,197,167,111,205,194,170,194,114,0,0,0,0,0,0,0,0,0,0,0,0,0,0,0,0,79,235,192,169,203,162,104,210,196,167,199,121,0,0,0,0,0,0,0,0,0,0,0,0,0,0,0,0,82,238,193,167,211,145,80,216,192,168,199,126,0,0,0,0,0,0,0,0,0,0,0,0,0,0,0,0,82,233,192,165,223,119,43,221,190,179,199,129,0,0,0,0,0,0,0,0,0,0,0,0,0,0,0,0,89,232,187,159,227,93,22,233,185,176,194,134,0,0,0,0,0,0,0,0,0,0,0,0,0,0,0,0,96,233,188,162,242,80,0,238,186,175,198,144,0,0,0,0,0,0,0,0,0,0,0,0,0,0,0,0,97,238,193,162,254,48,0,224,194,176,200,147,0,0,0,0,0,0,0,0,0,0,0,0,0,0,0,0,97,241,196,169,250,14,0,206,205,178,200,147,0,0,0,0,0,0,0,0,0,0,0,0,0,0,0,0,91,244,190,182,246,3,0,190,202,181,204,145,0,0,0,0,0,0,0,0,0,0,0,0,0,0,0,0,82,246,200,188,233,0,0,165,204,192,206,140,0,0,0,0,0,0,0,0,0,0,0,0,0,0,0,0,82,212,204,198,199,0,0,138,208,191,202,132,0,0,0,0,0,0,0,0,0,0,0,0,0,0,0,0,115,232,214,220,163,0,0,109,211,199,215,164,0,0,0,0,0,0,0,0,0,0,0,0,0,0,0,0,76,199,175,209,116,0,0,63,194,179,202,95,0,0,0,0,0,0,0,0,0,0,0,0,0,0,0,0,0,0,0,0,0,0,0,0,3,0,0,0,0,0,0,0,0,0,0,0,0,0,0,0,0,0,0,0,6,0,0,0,0,8,4,0,0,0,3,7,0,0,0,0,0,0,0,0,1
0,0,0,0,0,0,0,1,1,1,0,0,27,103,120,125,59,0,0,1,0,1,0,0,0,0,0,0,0,0,0,0,0,0,0,1,1,0,0,75,178,160,139,140,166,98,0,0,0,1,1,0,0,0,0,0,0,0,0,0,0,0,0,0,2,0,81,175,183,157,150,131,131,164,47,0,2,0,0,0,0,0,0,0,0,0,0,0,0,0,0,1,0,0,156,194,219,149,157,194,167,193,156,6,0,2,0,0,0,0,0,0,0,0,0,0,0,0,0,0,0,0,117,152,111,109,101,93,99,116,160,21,0,4,0,0,0,0,0,0,0,0,0,0,0,0,0,0,0,0,158,176,116,159,119,126,136,144,147,35,0,6,1,0,0,0,0,0,0,0,0,0,0,1,2,0,0,99,130,115,117,133,132,136,201,159,156,115,0,0,2,0,0,0,0,0,0,0,0,0,0,0,4,0,66,149,140,126,124,120,135,118,124,106,133,143,145,0,0,1,0,0,0,0,0,0,0,0,0,0,1,0,123,133,127,153,109,148,104,116,119,86,139,118,132,18,0,3,0,0,0,0,0,0,0,0,0,1,0,0,138,152,152,140,86,139,114,115,139,136,137,132,138,66,0,5,0,0,0,0,0,0,0,0,0,3,0,21,148,120,147,108,139,138,139,94,144,120,123,167,143,111,0,4,0,0,0,0,0,0,0,0,0,4,0,99,127,81,116,115,97,119,131,112,134,112,125,178,129,135,0,0,0,0,0,0,0,0,0,0,0,3,0,120,128,145,143,112,113,143,130,156,140,111,143,163,118,140,7,0,0,0,0,0,0,0,0,0,0,0,0,164,114,121,159,137,109,142,83,118,118,82,139,171,115,139,43,0,0,0,0,0,0,0,0,0,0,0,17,152,137,181,135,111,143,144,93,95,116,115,151,173,155,153,97,0,0,0,0,0,0,0,0,0,0,0,23,166,82,159,141,83,95,118,129,137,156,126,160,172,113,132,121,0,0,0,0,0,0,0,0,0,0,0,106,154,88,170,213,214,226,255,133,224,215,208,223,155,126,159,128,0,0,0,0,0,0,0,0,0,0,0,116,142,132,145,219,218,216,247,117,219,224,218,224,191,132,114,151,0,0,0,0,0,0,0,0,0,0,0,126,148,150,189,216,217,216,243,118,220,225,217,224,211,103,117,163,0,0,0,0,0,0,0,0,0,0,0,152,94,89,195,220,217,214,243,119,221,227,219,220,216,122,172,184,11,0,0,0,0,0,0,0,0,0,15,164,95,123,214,220,217,214,243,120,222,227,220,216,229,131,105,175,23,0,0,0,0,0,0,0,0,0,36,137,133,138,189,229,215,215,242,119,220,225,219,227,253,171,110,181,65,0,0,0,0,0,0,0,0,0,55,165,132,101,219,222,218,217,242,122,222,224,235,200,189,157,101,177,66,0,0,0,0,0,0,0,0,0,76,149,155,140,210,221,219,218,244,122,222,220,236,104,28,215,128,177,70,0,0,0,0,0,0,0,0,0,61,120,128,144,222,221,218,216,221,148,207,219,217,217,236,189,91,196,85,0,0,0,0,0,0,0,0,0,70,133,151,166,193,223,234,236,243,165,226,243,238,233,197,175,131,120,74,0,0,0,0,0,0,0,0,0,63,185,167,139,0,0,47,73,92,49,89,91,79,36,0,3,177,203,69,0,0,0,0,0,0,0,0,0,0,175,162,0,0,0,0,0,0,0,0,0,0,0,0,0,149,159,0,0,0,0,0,4